epoch,time,train/box_loss,train/cls_loss,train/dfl_loss,metrics/precision(B),metrics/recall(B),metrics/mAP50(B),metrics/mAP50-95(B),val/box_loss,val/cls_loss,val/dfl_loss,lr/pg0,lr/pg1,lr/pg2
1,355.631,1.56897,1.13778,1.54896,0.90395,0.82447,0.89267,0.49864,1.50675,0.86484,1.54736,0.00333172,0.00333172,0.00333172
2,701,1.48757,1.13579,1.48655,0.91293,0.82576,0.89469,0.49873,1.47917,0.87793,1.52021,0.00659907,0.00659907,0.00659907
3,1104.68,1.49099,1.17157,1.50057,0.8996,0.81698,0.88456,0.49341,1.47671,0.94156,1.55188,0.00980042,0.00980042,0.00980042
4,1516.9,1.52443,1.22377,1.52997,0.89182,0.83095,0.8855,0.48324,1.48422,0.93264,1.5466,0.009703,0.009703,0.009703
5,1809.01,1.50658,1.22338,1.51671,0.92304,0.83668,0.90437,0.51164,1.46858,0.88494,1.54703,0.009604,0.009604,0.009604
6,2066.2,1.48806,1.20296,1.50443,0.89576,0.82511,0.87881,0.49762,1.46354,0.94484,1.55431,0.009505,0.009505,0.009505
7,2332.38,1.47994,1.17851,1.49858,0.91908,0.84523,0.9092,0.5176,1.43782,0.8788,1.51288,0.009406,0.009406,0.009406
8,2606.65,1.46249,1.17549,1.48886,0.91846,0.8369,0.90189,0.50446,1.45334,0.90756,1.51962,0.009307,0.009307,0.009307
9,2864.75,1.46104,1.16546,1.48883,0.92171,0.84037,0.90728,0.5148,1.42424,0.88576,1.50427,0.009208,0.009208,0.009208
10,3137.87,1.45186,1.16528,1.48365,0.91289,0.85347,0.90696,0.51604,1.423,0.87537,1.50803,0.009109,0.009109,0.009109
11,3398.36,1.43688,1.13006,1.47117,0.91523,0.84426,0.90767,0.53761,1.36979,0.88301,1.45268,0.00901,0.00901,0.00901
12,3669.73,1.42452,1.1295,1.47124,0.92277,0.85287,0.91261,0.53044,1.40065,0.87251,1.50072,0.008911,0.008911,0.008911
13,3984.75,1.42779,1.12164,1.46464,0.91614,0.85432,0.91851,0.53659,1.37678,0.86283,1.4744,0.008812,0.008812,0.008812
14,4267.27,1.42592,1.1252,1.46143,0.90783,0.86289,0.91563,0.54235,1.3782,0.84117,1.47178,0.008713,0.008713,0.008713
15,4547.38,1.41264,1.11396,1.45166,0.92744,0.8634,0.92239,0.5501,1.37358,0.84811,1.45882,0.008614,0.008614,0.008614
16,4828.33,1.40825,1.11013,1.45136,0.92388,0.86048,0.91992,0.54624,1.36443,0.82795,1.46569,0.008515,0.008515,0.008515
17,5426.92,1.40545,1.09164,1.45407,0.93033,0.86665,0.92606,0.55463,1.36216,0.81288,1.45373,0.008416,0.008416,0.008416
18,5716.81,1.39117,1.08552,1.4424,0.93175,0.85951,0.92071,0.55149,1.35351,0.81568,1.44722,0.008317,0.008317,0.008317
19,6001.6,1.39543,1.07272,1.44466,0.92725,0.86849,0.93025,0.55827,1.35423,0.80296,1.44597,0.008218,0.008218,0.008218
20,6283.88,1.38282,1.0599,1.43293,0.92595,0.86048,0.92426,0.55986,1.34892,0.79575,1.44441,0.008119,0.008119,0.008119
21,6562.49,1.37704,1.0599,1.42724,0.93689,0.87541,0.93468,0.56667,1.33217,0.78182,1.42831,0.00802,0.00802,0.00802
22,6843.05,1.37644,1.04698,1.43103,0.93709,0.86502,0.92921,0.57082,1.31147,0.78409,1.41248,0.007921,0.007921,0.007921
23,7122.81,1.37425,1.05698,1.43079,0.93381,0.86957,0.93059,0.57025,1.31004,0.77936,1.41449,0.007822,0.007822,0.007822
24,7403.49,1.37034,1.04808,1.43196,0.93162,0.87541,0.93081,0.57028,1.31646,0.77484,1.42524,0.007723,0.007723,0.007723
25,7684.71,1.36106,1.04151,1.41759,0.92931,0.87476,0.93124,0.58145,1.28711,0.7659,1.4089,0.007624,0.007624,0.007624
26,7963.89,1.35818,1.03487,1.42136,0.94108,0.87573,0.93637,0.57573,1.30976,0.76132,1.41282,0.007525,0.007525,0.007525
27,8243.74,1.35783,1.03288,1.415,0.93601,0.88092,0.93473,0.57988,1.2963,0.76384,1.39843,0.007426,0.007426,0.007426
28,8524.23,1.36058,1.04146,1.42409,0.94131,0.878,0.93594,0.58709,1.28921,0.75499,1.39745,0.007327,0.007327,0.007327
29,8802.31,1.34877,1.02277,1.41107,0.93743,0.8848,0.93677,0.58567,1.28472,0.75007,1.39741,0.007228,0.007228,0.007228
30,9082.2,1.34363,1.02466,1.40289,0.9444,0.88092,0.93372,0.58706,1.28027,0.75663,1.38429,0.007129,0.007129,0.007129
31,9361.04,1.33734,1.00737,1.40398,0.94243,0.88027,0.93759,0.58816,1.26565,0.75249,1.37867,0.00703,0.00703,0.00703
32,9641.51,1.33432,1.0066,1.40259,0.93843,0.88838,0.93899,0.58635,1.28538,0.73594,1.39566,0.006931,0.006931,0.006931
33,9919.46,1.32495,1.00578,1.39465,0.94118,0.88263,0.94037,0.59271,1.27175,0.73777,1.38831,0.006832,0.006832,0.006832
34,10197.3,1.31633,0.99423,1.3871,0.94342,0.88179,0.9362,0.59293,1.26577,0.72922,1.37514,0.006733,0.006733,0.006733
35,10474.4,1.32079,0.99489,1.39469,0.94153,0.89098,0.94376,0.59827,1.25768,0.71186,1.37016,0.006634,0.006634,0.006634
36,10753.7,1.31624,0.98493,1.38814,0.94524,0.89056,0.94236,0.60486,1.24646,0.71437,1.35578,0.006535,0.006535,0.006535
37,11035.1,1.30594,0.976,1.37636,0.93835,0.89228,0.94133,0.60352,1.24678,0.71701,1.36279,0.006436,0.006436,0.006436
38,11314.5,1.30076,0.96436,1.37003,0.94214,0.89033,0.94211,0.602,1.24439,0.70874,1.36944,0.006337,0.006337,0.006337
39,11593.1,1.30394,0.965,1.37756,0.94936,0.88813,0.94289,0.60207,1.24799,0.70461,1.36954,0.006238,0.006238,0.006238
40,11878.4,1.29338,0.9717,1.374,0.94754,0.89195,0.94353,0.60691,1.23985,0.69802,1.36532,0.006139,0.006139,0.006139
41,12158.4,1.30252,0.96271,1.3796,0.94577,0.89552,0.94399,0.60745,1.23318,0.70071,1.35507,0.00604,0.00604,0.00604
42,12436.6,1.29849,0.95721,1.372,0.94851,0.89228,0.94541,0.60794,1.23185,0.68824,1.35809,0.005941,0.005941,0.005941
43,12717.2,1.29184,0.94844,1.36747,0.94821,0.89844,0.94578,0.61137,1.23311,0.68872,1.35311,0.005842,0.005842,0.005842
44,12998.9,1.28383,0.94734,1.36694,0.94788,0.89033,0.94706,0.61535,1.21977,0.68789,1.34531,0.005743,0.005743,0.005743
45,13279.8,1.28314,0.94579,1.36898,0.94932,0.89779,0.94828,0.6194,1.20981,0.67589,1.33852,0.005644,0.005644,0.005644
46,13559.5,1.27394,0.9399,1.35899,0.95091,0.89252,0.94883,0.62074,1.20414,0.67751,1.33225,0.005545,0.005545,0.005545
47,13827.3,1.27592,0.9487,1.36035,0.95147,0.90104,0.95121,0.6218,1.19411,0.67186,1.33165,0.005446,0.005446,0.005446
48,14088.8,1.27627,0.92902,1.3589,0.94235,0.90155,0.94963,0.6241,1.19862,0.65733,1.33549,0.005347,0.005347,0.005347
49,14371.4,1.26234,0.92413,1.35389,0.94661,0.89812,0.94947,0.62248,1.20544,0.65955,1.33729,0.005248,0.005248,0.005248
50,14629.3,1.26264,0.91538,1.34617,0.94822,0.90234,0.94988,0.62315,1.20483,0.6578,1.33164,0.005149,0.005149,0.005149
51,15158.1,1.2535,0.91231,1.34258,0.94881,0.89974,0.9509,0.62496,1.20035,0.65778,1.33023,0.00505,0.00505,0.00505
52,15423.5,1.25132,0.90762,1.33914,0.94756,0.90104,0.95004,0.62761,1.19382,0.65299,1.32762,0.004951,0.004951,0.004951
53,15952,1.24743,0.90786,1.34441,0.94922,0.90362,0.94974,0.62645,1.19382,0.64778,1.32949,0.004852,0.004852,0.004852
54,16440.4,1.24517,0.9102,1.34252,0.94415,0.89961,0.94982,0.63002,1.18542,0.64531,1.32352,0.004753,0.004753,0.004753
55,16792.5,1.2426,0.90494,1.33264,0.94972,0.90266,0.9533,0.62964,1.18211,0.63719,1.32132,0.004654,0.004654,0.004654
56,17076.2,1.24105,0.89877,1.3298,0.95362,0.89682,0.95359,0.63205,1.17764,0.63588,1.31509,0.004555,0.004555,0.004555
57,17368.3,1.2407,0.8913,1.33315,0.95389,0.89947,0.95347,0.63317,1.17298,0.63619,1.3104,0.004456,0.004456,0.004456
58,17659.5,1.2213,0.88195,1.31815,0.9499,0.89824,0.95017,0.63279,1.16927,0.63719,1.31187,0.004357,0.004357,0.004357
59,17971.8,1.22913,0.87074,1.32318,0.94973,0.90299,0.95363,0.63644,1.16956,0.62836,1.30925,0.004258,0.004258,0.004258
60,18257.2,1.21649,0.87553,1.32164,0.95583,0.8987,0.95482,0.6369,1.16703,0.62603,1.30842,0.004159,0.004159,0.004159
61,18740.8,1.22581,0.87732,1.32094,0.952,0.89909,0.95443,0.6373,1.16534,0.62489,1.30732,0.00406,0.00406,0.00406
62,19130.4,1.21632,0.87215,1.31769,0.94843,0.89942,0.95344,0.6372,1.16626,0.62595,1.30895,0.003961,0.003961,0.003961
63,19400.6,1.20898,0.86189,1.31314,0.94734,0.9047,0.95444,0.63797,1.16558,0.62091,1.30691,0.003862,0.003862,0.003862
64,19671.5,1.19641,0.85549,1.30268,0.94718,0.90768,0.95436,0.63776,1.16425,0.61774,1.3064,0.003763,0.003763,0.003763
65,19954.8,1.21468,0.85797,1.31111,0.94727,0.90655,0.95484,0.64116,1.15913,0.61188,1.30181,0.003664,0.003664,0.003664
66,20235.1,1.20036,0.85243,1.30252,0.95158,0.90549,0.95506,0.64126,1.15699,0.6075,1.30159,0.003565,0.003565,0.003565
67,20516.6,1.18098,0.83881,1.29793,0.94908,0.90526,0.95403,0.64068,1.158,0.60661,1.30345,0.003466,0.003466,0.003466
68,20796.7,1.18463,0.8402,1.29553,0.94721,0.90655,0.95399,0.64171,1.15436,0.60635,1.29945,0.003367,0.003367,0.003367
69,21070.8,1.18785,0.84762,1.29745,0.9469,0.90834,0.95431,0.64284,1.15165,0.60576,1.29552,0.003268,0.003268,0.003268
70,21327.4,1.18001,0.83413,1.29527,0.94923,0.91,0.95542,0.64456,1.1475,0.60367,1.29282,0.003169,0.003169,0.003169
71,21588.1,1.18017,0.83116,1.29195,0.94725,0.90899,0.95424,0.64545,1.1463,0.60037,1.29333,0.00307,0.00307,0.00307
72,21847.8,1.17611,0.83679,1.28758,0.94462,0.90773,0.95325,0.64375,1.14806,0.59901,1.29527,0.002971,0.002971,0.002971
73,22145.7,1.16147,0.81149,1.2801,0.94429,0.90883,0.95426,0.64455,1.14709,0.59697,1.29547,0.002872,0.002872,0.002872
74,22414.7,1.16849,0.81866,1.28215,0.943,0.90711,0.95385,0.64447,1.14746,0.59396,1.29666,0.002773,0.002773,0.002773
75,22672.1,1.16215,0.81457,1.27754,0.94442,0.90753,0.95525,0.64526,1.14796,0.59112,1.29768,0.002674,0.002674,0.002674
76,22939.1,1.16951,0.80936,1.28186,0.94717,0.90745,0.95518,0.6466,1.14751,0.58835,1.29887,0.002575,0.002575,0.002575
77,23209.7,1.16032,0.80939,1.27703,0.94789,0.90785,0.95476,0.64628,1.14686,0.58834,1.29813,0.002476,0.002476,0.002476
78,23495,1.15012,0.80465,1.27431,0.94955,0.91077,0.95644,0.64746,1.14608,0.58691,1.29637,0.002377,0.002377,0.002377
79,23776.7,1.15315,0.80538,1.27111,0.95054,0.91047,0.95727,0.64936,1.14379,0.58493,1.29497,0.002278,0.002278,0.002278
80,24060.5,1.15058,0.80033,1.26885,0.94896,0.91272,0.95861,0.65055,1.14064,0.58395,1.29228,0.002179,0.002179,0.002179
81,24347.1,1.14651,0.79474,1.26887,0.95059,0.91272,0.95731,0.65101,1.13822,0.58397,1.29035,0.00208,0.00208,0.00208
82,24629.3,1.14076,0.78683,1.26503,0.95067,0.91207,0.957,0.65123,1.13659,0.58156,1.28832,0.001981,0.001981,0.001981
83,24920.8,1.13346,0.79129,1.26005,0.94979,0.9111,0.95632,0.65249,1.13323,0.5801,1.28553,0.001882,0.001882,0.001882
84,25202.6,1.12497,0.77749,1.25368,0.94897,0.91112,0.9569,0.65322,1.13091,0.57832,1.28397,0.001783,0.001783,0.001783
85,25466.5,1.13162,0.78587,1.26033,0.94988,0.91142,0.95687,0.65364,1.13058,0.57595,1.28373,0.001684,0.001684,0.001684
86,25745.9,1.12104,0.7714,1.25118,0.94898,0.91207,0.95791,0.65375,1.13052,0.57492,1.28414,0.001585,0.001585,0.001585
87,26032.4,1.11598,0.77347,1.25124,0.94974,0.91357,0.95787,0.65409,1.13046,0.57297,1.28415,0.001486,0.001486,0.001486
88,26321.7,1.11354,0.77116,1.24955,0.95036,0.91321,0.9577,0.65347,1.12906,0.57184,1.28289,0.001387,0.001387,0.001387
89,26603,1.11687,0.77238,1.25516,0.94998,0.91194,0.95678,0.65465,1.128,0.57066,1.28202,0.001288,0.001288,0.001288
90,26890,1.11142,0.76777,1.2489,0.95122,0.91114,0.95719,0.65589,1.12741,0.56917,1.28181,0.001189,0.001189,0.001189
91,27178.9,1.02874,0.55139,1.2127,0.95322,0.9111,0.95821,0.6562,1.12657,0.56809,1.28108,0.00109,0.00109,0.00109
92,27460.8,1.00966,0.52682,1.19864,0.953,0.91445,0.95942,0.65664,1.12593,0.56637,1.2808,0.000991,0.000991,0.000991
93,27736.1,1.0014,0.52805,1.19637,0.9515,0.91661,0.95929,0.65737,1.125,0.56493,1.2804,0.000892,0.000892,0.000892
94,27997.5,0.99344,0.52067,1.19267,0.95048,0.91694,0.95911,0.65775,1.12446,0.56428,1.27979,0.000793,0.000793,0.000793
95,28266.2,0.99274,0.51158,1.18733,0.95139,0.91452,0.95923,0.65857,1.12414,0.56331,1.27955,0.000694,0.000694,0.000694
96,28566.3,0.97871,0.50279,1.18102,0.9499,0.91655,0.958,0.65831,1.12337,0.56214,1.27935,0.000595,0.000595,0.000595
97,28846.7,0.97442,0.50799,1.17803,0.95052,0.9163,0.95814,0.65884,1.12197,0.56136,1.2786,0.000496,0.000496,0.000496
98,29122.9,0.97082,0.50514,1.17286,0.95019,0.91726,0.95826,0.66041,1.12097,0.56072,1.27772,0.000397,0.000397,0.000397
99,29390.5,0.96346,0.50117,1.17014,0.95035,0.91726,0.95831,0.66057,1.12092,0.5602,1.27779,0.000298,0.000298,0.000298
100,29649.9,0.96304,0.49435,1.16648,0.95153,0.91732,0.95858,0.66117,1.12016,0.55987,1.27696,0.000199,0.000199,0.000199
